INSERT INTO USERS(USER_ID, USERNAME) VALUES(101,'Moe');
INSERT INTO USERS(USER_ID, USERNAME) VALUES(102,'Larry');
INSERT INTO USERS(USER_ID, USERNAME) VALUES(103,'Shemp');
INSERT INTO USERS(USER_ID, USERNAME) VALUES(104,'Curly');
INSERT INTO USERS(USER_ID, USERNAME) VALUES(105,'Joe');


INSERT INTO PUBLIC.MESSAGE_TYPES(MESSAGE_TYPE_ID, MESSAGE_TYPE) VALUES(101,'COMMENT');
INSERT INTO PUBLIC.MESSAGE_TYPES(MESSAGE_TYPE_ID, MESSAGE_TYPE) VALUES(102,'ADVICE');

INSERT INTO PUBLIC.MESSAGE_TAGS(MESSAGE_TAG_ID, MESSAGE_TAG_DESCRIPTION) VALUES('JPA','Java Persistence API');
INSERT INTO PUBLIC.MESSAGE_TAGS(MESSAGE_TAG_ID, MESSAGE_TAG_DESCRIPTION) VALUES('JEE','Java Enterprise Edition');
INSERT INTO PUBLIC.MESSAGE_TAGS(MESSAGE_TAG_ID, MESSAGE_TAG_DESCRIPTION) VALUES('SPRING','Spring Framework');


INSERT INTO PUBLIC.MESSAGES(MESSAGE_ID,MESSAGE_TEXT,MESSAGE_TYPE_ID,USER_ID) VALUES(101,'Java Persistence API is useful', 101, 101);
INSERT INTO PUBLIC.MESSAGES(MESSAGE_ID,MESSAGE_TEXT,MESSAGE_TYPE_ID,USER_ID) VALUES(102,'You really think is useful?', 102, 102);
INSERT INTO PUBLIC.MESSAGES(MESSAGE_ID,MESSAGE_TEXT,MESSAGE_TYPE_ID,USER_ID) VALUES(103,'Encapsulates data access, greatly reducing the amount of code', 101, 103);
INSERT INTO PUBLIC.MESSAGES(MESSAGE_ID,MESSAGE_TEXT,MESSAGE_TYPE_ID,USER_ID) VALUES(104,'In addition, it is integrated with Spring, it really is useful', 102, 101);


INSERT INTO PUBLIC.MESSAGE_MESSAGE_TAGS(MESSAGE_ID,MESSAGE_TAG_ID)VALUES(101,'JEE'),(101,'JPA');
INSERT INTO PUBLIC.MESSAGE_MESSAGE_TAGS(MESSAGE_ID,MESSAGE_TAG_ID)VALUES(102,'JEE'),(102,'JPA');
INSERT INTO PUBLIC.MESSAGE_MESSAGE_TAGS(MESSAGE_ID,MESSAGE_TAG_ID)VALUES(103,'JEE'),(103,'JPA');
INSERT INTO PUBLIC.MESSAGE_MESSAGE_TAGS(MESSAGE_ID,MESSAGE_TAG_ID)VALUES(104,'SPRING'),(104,'JPA');